[{
        "cliente_id": 11,
        "nombre": "Bolsa De Fondos",
        "fecha_cierre": "2021-09-20"
    },
    {
        "cliente_id": 20,
        "nombre": "Curso Específico",
        "fecha_cierre": "2021-09-20"
    },
    {
        "cliente_id": 31,
        "nombre": "Cursos Generales",
        "fecha_cierre": "2021-04-20"
    },
    {
        "cliente_id": 34,
        "nombre": "Excedentes Para Hacer Cursos",
        "fecha_cierre": "2021-08-20"
    },
    {
        "cliente_id": 35,
        "nombre": "Curso Bcn Live",
        "fecha_cierre": "2021-06-20"
    },
    {
        "cliente_id": 43,
        "nombre": "Deuda Pendiente",
        "fecha_cierre": "2021-11-20"
    },
    {
        "cliente_id": 73,
        "nombre": "Excedentes",
        "fecha_cierre": "2021-12-19"
    },
    {
        "cliente_id": 73,
        "nombre": "Plataforma,Cursos,Ra,Etc (Este Fue Solo Un Pequeño Levantamiento)",
        "fecha_cierre": "2021-12-19"
    },
    {
        "cliente_id": 78,
        "nombre": "Desarrollo De Herramienta De Actualización De Documentos Pdf Web Y Celular.",
        "fecha_cierre": "2021-07-20"
    },
    {
        "cliente_id": 93,
        "nombre": "Excedentes 2019",
        "fecha_cierre": "2021-11-20"
    },
    {
        "cliente_id": 93,
        "nombre": "Levantamiento De Bolsa Para Cubrir Desarrollos",
        "fecha_cierre": "2021-05-20"
    },
    {
        "cliente_id": 93,
        "nombre": "Para Su Bolsa De Fondos",
        "fecha_cierre": "2021-08-20"
    },
    {
        "cliente_id": 137,
        "nombre": "Campus",
        "fecha_cierre": "2021-12-19"
    },
    {
        "cliente_id": 138,
        "nombre": "Campus + Desarrollos Propios",
        "fecha_cierre": "2021-10-20"
    },
    {
        "cliente_id": 147,
        "nombre": "Campus + 7 Cursos Inducción Pago 2",
        "fecha_cierre": "2021-04-20"
    },
    {
        "cliente_id": 147,
        "nombre": "Levantamiento Excedentes ( 158,8Mm) Y Descuento De 1.000 Tablets",
        "fecha_cierre": "2021-10-20"
    },
    {
        "cliente_id": 148,
        "nombre": "Campus , Video Bienvenida, Customizacion Curso Prev. Delito.",
        "fecha_cierre": "2021-03-20"
    },
    {
        "cliente_id": 153,
        "nombre": "Cursos Induccion + 1 Especifico Tecnico  (En Formato Scorm Para Successfactor)",
        "fecha_cierre": "2021-10-20"
    },
    {
        "cliente_id": 164,
        "nombre": "Campus Virtual Y Posible Integracion Payroll U Otros",
        "fecha_cierre": "2021-05-20"
    },
    {
        "cliente_id": 164,
        "nombre": "Portal Selección Y Buzón De Sugerencias",
        "fecha_cierre": "2021-05-20"
    },
    {
        "cliente_id": 184,
        "nombre": "Curso General En Scorm",
        "fecha_cierre": "2021-03-20"
    },
    {
        "cliente_id": 185,
        "nombre": "70% Restante Libre Competencia",
        "fecha_cierre": "2021-02-20"
    },
    {
        "cliente_id": 185,
        "nombre": "Cursos Especificos Esperando La Facturas",
        "fecha_cierre": "2021-09-20"
    },
    {
        "cliente_id": 185,
        "nombre": "Diversidad Generacional Y 70% Restante De Finanzas Personales",
        "fecha_cierre": "2021-04-20"
    },
    {
        "cliente_id": 185,
        "nombre": "Diversidad Sexual  7 Minutos De Video, Subtit, Trad, Locu, Y Camb Gráf (Ingles Y Portugues)",
        "fecha_cierre": "2021-04-20"
    },
    {
        "cliente_id": 185,
        "nombre": "Equidad De Genero Y Discapacidad",
        "fecha_cierre": "2021-04-20"
    },
    {
        "cliente_id": 185,
        "nombre": "Facturados Ya 2,4 Mm En Abril 2020 , Costo Empresa",
        "fecha_cierre": "2021-02-20"
    },
    {
        "cliente_id": 185,
        "nombre": "Libre Competencia Ppto Por Locuciones Cambios Y Adaptaciones",
        "fecha_cierre": "2021-01-01"
    },
    {
        "cliente_id": 185,
        "nombre": "Politicas Subtit, Trad, Locu, Y Camb Gráf (Ingles Y Portugues)",
        "fecha_cierre": "2021-04-20"
    },
    {
        "cliente_id": 185,
        "nombre": "Sesgos Inconscientes  10 Minutos De Video, Subtit, Trad, Locu, Y Camb Gráf (Ingles Y Portugues)",
        "fecha_cierre": "2021-04-20"
    },
    {
        "cliente_id": 195,
        "nombre": "Cursos E-Learning Generales",
        "fecha_cierre": "2021-12-19"
    },
    {
        "cliente_id": 201,
        "nombre": "Excedentes 2019",
        "fecha_cierre": "2021-12-20"
    },
    {
        "cliente_id": 212,
        "nombre": "Campus Y Cursos",
        "fecha_cierre": "2021-01-20"
    },
    {
        "cliente_id": 234,
        "nombre": "Curso Especifico",
        "fecha_cierre": "2021-10-20"
    },
    {
        "cliente_id": 248,
        "nombre": "Desarrollo Cursos Especificos. Bajo De 8,6 Mm A 5,4 Mm Debido A Desvinculaciones.",
        "fecha_cierre": "2020-11-01"
    },
    {
        "cliente_id": 248,
        "nombre": "Mantencion + Desarrollo",
        "fecha_cierre": "2021-07-20"
    },
    {
        "cliente_id": 253,
        "nombre": "Renovacion Y Curso Especificos",
        "fecha_cierre": "2021-05-20"
    },
    {
        "cliente_id": 299,
        "nombre": "Excedentes De Una Sociedad, Puede Que Sumemos Más De Otras",
        "fecha_cierre": "2021-12-19"
    },
    {
        "cliente_id": 299,
        "nombre": "Plataforma, Cursos Especificos (En Proceso Levantamiento Termina En Mayo)",
        "fecha_cierre": "2021-12-19"
    },
    {
        "cliente_id": 302,
        "nombre": "Avanza Digital, Elearning, Presencial",
        "fecha_cierre": "2021-04-20"
    },
    {
        "cliente_id": 302,
        "nombre": "Curso E-Learning",
        "fecha_cierre": "2021-12-19"
    },
    {
        "cliente_id": 320,
        "nombre": "Diplomados Ey",
        "fecha_cierre": "2021-08-20"
    },
    {
        "cliente_id": 323,
        "nombre": "Curso General En Scorm",
        "fecha_cierre": "2021-03-20"
    },
    {
        "cliente_id": 328,
        "nombre": "Demo De Induccion Para Venderlo Internamente",
        "fecha_cierre": "2021-04-20"
    },
    {
        "cliente_id": 328,
        "nombre": "Para Curso Especifico Grande",
        "fecha_cierre": "2020-11-01"
    },
    {
        "cliente_id": 331,
        "nombre": "Curso Especifico Costo Empresa",
        "fecha_cierre": "2021-11-20"
    },
    {
        "cliente_id": 336,
        "nombre": "Cursos Generales Con Sence",
        "fecha_cierre": "2021-04-20"
    },
    {
        "cliente_id": 356,
        "nombre": "Curso Especifico",
        "fecha_cierre": "2021-10-20"
    },
    {
        "cliente_id": 356,
        "nombre": "Cursos Especificos",
        "fecha_cierre": "2021-07-20"
    },
    {
        "cliente_id": 356,
        "nombre": "Desarrollo 2 Cursos",
        "fecha_cierre": "2021-10-20"
    },
    {
        "cliente_id": 385,
        "nombre": "Se Levanta Con Curso Liderazgo Y Se Canjea Por Campus Bcn Y 1 Curso Específico",
        "fecha_cierre": "2021-12-20"
    },
    {
        "cliente_id": 386,
        "nombre": "Campus  X 16 Meses + Cursos Generales  /  Costo Empresa",
        "fecha_cierre": "2020-11-01"
    },
    {
        "cliente_id": 397,
        "nombre": "Diplomados",
        "fecha_cierre": "2021-12-19"
    },
    {
        "cliente_id": 410,
        "nombre": "Excedentes Para Luego Hacer Plataforma Y Cursos",
        "fecha_cierre": "2021-03-20"
    },
    {
        "cliente_id": 414,
        "nombre": "Campus,Diplomados, Curso Problem Solving, Curso Lean Bcn, 200 Tablets",
        "fecha_cierre": "2021-05-20"
    },
    {
        "cliente_id": 419,
        "nombre": "Campus+Bcnlive+Teletrabajo+Diseño Instruccional",
        "fecha_cierre": "2021-06-20"
    },
    {
        "cliente_id": 424,
        "nombre": "Campus + Generales+Especificos + Bolsa Trabajo",
        "fecha_cierre": "2021-09-20"
    },
    {
        "cliente_id": 429,
        "nombre": "Diplomados",
        "fecha_cierre": "2021-12-19"
    },
    {
        "cliente_id": 442,
        "nombre": "Realidad Aumentada Y Holograma",
        "fecha_cierre": "2021-01-20"
    },
    {
        "cliente_id": 453,
        "nombre": "Curso De Induccion Corporativa",
        "fecha_cierre": "2021-05-20"
    },
    {
        "cliente_id": 453,
        "nombre": "Curso Especifico",
        "fecha_cierre": "2021-05-20"
    },
    {
        "cliente_id": 455,
        "nombre": "Lectivos  De Cursos Grales Adaptados Y Tb Especificos Y Videos",
        "fecha_cierre": "2021-01-20"
    },
    {
        "cliente_id": 455,
        "nombre": "Realidad Aumentada",
        "fecha_cierre": "2021-06-20"
    },
    {
        "cliente_id": 460,
        "nombre": "Bolsa De Fondos",
        "fecha_cierre": "2021-08-20"
    },
    {
        "cliente_id": 491,
        "nombre": "Para Cubrir La Meta Faltante Del Levantamiento Anterior",
        "fecha_cierre": "2021-07-20"
    },
    {
        "cliente_id": 491,
        "nombre": "Prueba De 2 Personas Para Luego Inscibir 17,9 Mm",
        "fecha_cierre": "2021-05-20"
    },
    {
        "cliente_id": 491,
        "nombre": "Renovacion  Y Otros",
        "fecha_cierre": "2021-07-20"
    },
    {
        "cliente_id": 496,
        "nombre": "Excedentes , Campus Y Curso Esp",
        "fecha_cierre": "2021-10-20"
    },
    {
        "cliente_id": 497,
        "nombre": "Matención Campus E-Learning Integracion Masc",
        "fecha_cierre": "2021-02-20"
    },
    {
        "cliente_id": 498,
        "nombre": "Excedentes Bolsa De Fondos",
        "fecha_cierre": "2021-09-20"
    },
    {
        "cliente_id": 529,
        "nombre": "Campus",
        "fecha_cierre": "2021-09-20"
    },
    {
        "cliente_id": 587,
        "nombre": "Bcn Live",
        "fecha_cierre": "2021-04-20"
    },
    {
        "cliente_id": 587,
        "nombre": "Campus + Cursos",
        "fecha_cierre": "2021-04-20"
    },
    {
        "cliente_id": 643,
        "nombre": "Para Bolsa De Fondos",
        "fecha_cierre": "2021-07-20"
    },
    {
        "cliente_id": 643,
        "nombre": "Plataforma Y Cursos Especificos",
        "fecha_cierre": "2021-07-20"
    },
    {
        "cliente_id": 653,
        "nombre": "Cursos Especificos",
        "fecha_cierre": "2021-06-20"
    },
    {
        "cliente_id": 655,
        "nombre": "Curso Seguridad De La Información",
        "fecha_cierre": "2021-12-20"
    },
    {
        "cliente_id": 666,
        "nombre": "Curso Modelo De Desempeño",
        "fecha_cierre": "2021-11-20"
    },
    {
        "cliente_id": 669,
        "nombre": "Diplomados",
        "fecha_cierre": "2021-12-19"
    },
    {
        "cliente_id": 690,
        "nombre": "Campus E Inducción",
        "fecha_cierre": "2021-04-20"
    },
    {
        "cliente_id": 696,
        "nombre": "Excedentes , Campus Y Curso Esp",
        "fecha_cierre": "2021-10-20"
    },
    {
        "cliente_id": 705,
        "nombre": "Levantamiento Fondos Pago Deuda Y Customizacion Cursos Y Otros",
        "fecha_cierre": "2021-04-20"
    },
    {
        "cliente_id": 705,
        "nombre": "Levantamiento Fondos Pago Deuda Y Customizacion Cursos Y Pago Plataforma",
        "fecha_cierre": "2021-04-20"
    },
    {
        "cliente_id": 708,
        "nombre": "2 Cursos E-Learning Propios",
        "fecha_cierre": "2021-12-19"
    },
    {
        "cliente_id": 711,
        "nombre": "Bolsa De Fondos",
        "fecha_cierre": "2021-08-20"
    },
    {
        "cliente_id": 712,
        "nombre": "Levantamiento Para Nuevos Desarrollos",
        "fecha_cierre": "2021-04-20"
    },
    {
        "cliente_id": 722,
        "nombre": "Bolsa De Fondos Nuevos Desarrollos",
        "fecha_cierre": "2021-09-20"
    },
    {
        "cliente_id": 737,
        "nombre": "Exedentes - Se Levantarán Con E-Learning De 480",
        "fecha_cierre": "2020-12-01"
    },
    {
        "cliente_id": 737,
        "nombre": "Mantención Campus",
        "fecha_cierre": "2021-09-20"
    },
    {
        "cliente_id": 742,
        "nombre": "Diplomados",
        "fecha_cierre": "2021-03-20"
    },
    {
        "cliente_id": 762,
        "nombre": "Campus + Curso Exp Clientes Y Agilidad",
        "fecha_cierre": "2021-09-20"
    },
    {
        "cliente_id": 771,
        "nombre": "Bolsa De Fondos",
        "fecha_cierre": "2021-09-20"
    },
    {
        "cliente_id": 777,
        "nombre": "Mantencion Campus + Cursos Especificos + 2 Bcnlive",
        "fecha_cierre": "2021-03-20"
    },
    {
        "cliente_id": 790,
        "nombre": "Diplomados",
        "fecha_cierre": "2021-09-20"
    },
    {
        "cliente_id": 824,
        "nombre": "Cursos Especificos",
        "fecha_cierre": "2021-06-20"
    },
    {
        "cliente_id": 824,
        "nombre": "Cursos Especificos Y Otros",
        "fecha_cierre": "2021-06-20"
    },
    {
        "cliente_id": 61,
        "nombre": "S/N",
        "fecha_cierre": "2021-11-20"
    },
    {
        "cliente_id": 78,
        "nombre": "S/N",
        "fecha_cierre": "2021-07-20"
    },
    {
        "cliente_id": 78,
        "nombre": "S/N",
        "fecha_cierre": "2021-11-20"
    },
    {
        "cliente_id": 122,
        "nombre": "S/N",
        "fecha_cierre": "2021-11-20"
    },
    {
        "cliente_id": 124,
        "nombre": "S/N",
        "fecha_cierre": "2021-11-20"
    },
    {
        "cliente_id": 248,
        "nombre": "S/N",
        "fecha_cierre": "2021-10-20"
    },
    {
        "cliente_id": 299,
        "nombre": "S/N",
        "fecha_cierre": "2021-12-19"
    },
    {
        "cliente_id": 347,
        "nombre": "S/N",
        "fecha_cierre": "2021-11-20"
    },
    {
        "cliente_id": 418,
        "nombre": "S/N",
        "fecha_cierre": "2021-11-20"
    },
    {
        "cliente_id": 643,
        "nombre": "S/N",
        "fecha_cierre": "2021-09-20"
    },
    {
        "cliente_id": 643,
        "nombre": "S/N",
        "fecha_cierre": "2021-09-20"
    },
    {
        "cliente_id": 712,
        "nombre": "S/N",
        "fecha_cierre": "2021-11-20"
    },
    {
        "cliente_id": 825,
        "nombre": "S/N",
        "fecha_cierre": "2021-11-20"
    }
]