[{
        "nombre": "Usuario",
        "descripcion": "Rol para usuario general",
        "activo": true
    },
    {
        "nombre": "Administrador",
        "descripcion": "Rol para administrar el Sistema de Evaluación",
        "activo": true
    },
    {
        "nombre": "Reportes",
        "descripcion": "Rol con opción a los reportes",
        "activo": true
    },
    {
        "nombre": "Prospector Administrador",
        "descripcion": "Rol para los usuarios prospectores administradores",
        "activo": true
    },
    {
        "nombre": "Prospector",
        "descripcion": "Rol para los usuarios prospectores",
        "activo": true
    }
]