[{
        "rol_id": "2",
        "username": "26872610",
        "id_number": "26872610-1",
        "name": "Dilan Rafael",
        "last_name": "Gonzalez Pino",
        "email": "dgonzalez@bcnschool.cl",
        "remember_token": null
    },
    {
        "rol_id": "1",
        "username": "14533316",
        "id_number": "14533316-4",
        "name": "Felipe Ignacio",
        "last_name": "Oliva Lazzerini",
        "email": "foliva@bcnschool.cl",
        "remember_token": null
    },
    {
        "rol_id": "1",
        "username": "10601331",
        "id_number": "10601331-4",
        "name": "Felipe",
        "last_name": "Yurjevic",
        "email": "fyurjevic@bcnschool.cl",
        "remember_token": null
    },
    {
        "rol_id": "1",
        "username": "13904450",
        "id_number": "13904450-9",
        "name": "Maria José",
        "last_name": "Sepúlveda Bari",
        "email": "cotebari@bcnschool.cl",
        "remember_token": null
    },
    {
        "rol_id": "1",
        "username": "16209789",
        "id_number": "16209789-K",
        "name": "Victoria Soledad",
        "last_name": "Cortes Rodriguez",
        "email": "vcortes@sabantis.com",
        "remember_token": null
    },
    {
        "rol_id": "1",
        "username": "13832065",
        "id_number": "13832065-0",
        "name": "Rodrigo Bernardo",
        "last_name": "Sauvalle Escobar",
        "email": "rsauvalle@bcnschool.cl",
        "remember_token": null
    },
    {
        "rol_id": "1",
        "username": "16429644",
        "id_number": "16429644-K",
        "name": "Felipe",
        "last_name": "Alvarado Castro",
        "email": "falvarado@bcnschool.cl",
        "remember_token": null
    },
    {
        "rol_id": "1",
        "username": "13198212",
        "id_number": "13198212-7",
        "name": "Carlos Mauricio",
        "last_name": "Pinto Santander",
        "email": "cpinto@bcnschool.cl",
        "remember_token": null
    }
]